{
  "name": "foundryvtt-not-srd",
  "title": "Non-SRD Compendia",
  "description": "D&D 5e content that is not part of the included SRD material",
  "version": "0.0.1.0",
  "author": "Darkenergy",
  "manifest": "https://raw.githubusercontent.com/bhorrock/foundryvtt-not-srd/main/site/module.json",
  "download": "https://raw.githubusercontent.com/bhorrock/foundryvtt-not-srd/main/site/foundryvtt-not-srd.zip",
  "systems": ["dnd5e"],
  "scripts": [],
  "styles": [],
  "packs": [
    {
      "name": "spells-non-srd",
      "label": "Spells, Non-SRD",
      "system": "dnd5e",
      "path": "packs/spells-non-srd.db",
      "entity": "Item"
    }
  ],
  "minimumCoreVersion": "0.7.10",
  "compatibleCoreVersion": "0.8.7"
}
