{
    "name": "foundryvtt-not-srd",
    "title": "Non-SRD Compendia",
    "description": "D&D 5e content that is not part of the included SRD material.   Extra items, spells, macros etc. etc.",
    "version": "0.0.1",
    "minimumCoreVersion": "0.7.10",
    "compatibleCoreVersion": "0.8.7",
    "author": "darkenergy",
    "manifest": "https://raw.githubusercontent.com/bhorrock/foundryvtt-not-srd/main/site/module.json",
    "download": "https://raw.githubusercontent.com/bhorrock/foundryvtt-not-srd/main/site/foundryvtt-not-srd.zip",
    "systems": ["dnd5e"],
    "scripts": ["bibelot-startup.js"],
    "styles": [],
    "packs": [
        {
            "name": "class-features-bibelot",
            "label": "Class Features (Bibelot)",
            "system": "dnd5e",
            "path": "packs/class-features-bibelot.db",
            "entity": "Item"
        },
        {
            "name": "items-bibelot",
            "label": "Items (Bibelot)",
            "system": "dnd5e",
            "path": "packs/items-bibelot.db",
            "entity": "Item"
        },
        {
            "name": "macros-bibelot",
            "label": "Macros (Bibelot)",
            "system": "dnd5e",
            "path": "packs/macros-bibelot.db",
            "entity": "Macro"
        },
        {
            "name": "monster-features-bibelot",
            "label": "Monster Features (Bibelot)",
            "system": "dnd5e",
            "path": "packs/monster-features-bibelot.db",
            "entity": "Item"
        },
        {
            "name": "monster-features-bibelot",
            "label": "Monster Features (Bibelot)",
            "system": "dnd5e",
            "path": "packs/monster-features-bibelot.db",
            "entity": "Item"
        },
        {
            "name": "monsters-bibelot",
            "label": "Monsters (Bibelot)",
            "system": "dnd5e",
            "path": "packs/monsters-bibelot.db",
            "entity": "Actor"
        },
        {
            "name": "spells-bibelot",
            "label": "Spells (Bibelot)",
            "system": "dnd5e",
            "path": "packs/spells-bibelot.db",
            "entity": "Item"
        }
    ]
}
